DROP DATABASE IF EXISTS `movies`;
CREATE DATABASE `movies` CHARACTER SET `utf8` COLLATE `utf8_general_ci`;
USE `movies`;

-- Tables
CREATE TABLE `Director` (
    `Id` VARCHAR(36) NOT NULL PRIMARY KEY,
    `Name` VARCHAR(100) NOT NULL
);
CREATE TABLE `Actor` (
    `Id` VARCHAR(36) NOT NULL PRIMARY KEY,
    `Name` VARCHAR(100) NOT NULL
);
CREATE TABLE `Movie` (
    `Id` VARCHAR(36) NOT NULL PRIMARY KEY,
    `Title` VARCHAR(100) NOT NULL,
    `Description` TEXT NOT NULL,
    `DirectorId` VARCHAR(36) NOT NULL,
    FOREIGN KEY (`DirectorId`) REFERENCES `Director`(`Id`)
);

-- Many-to-many relationship between Movie and Actor
CREATE TABLE `MovieActor` (
    `MovieId` VARCHAR(36),
    `ActorId` VARCHAR(36),
    PRIMARY KEY (`MovieId`, `ActorId`),
    FOREIGN KEY (`MovieId`) REFERENCES `Movie`(`Id`) ON DELETE CASCADE,
    FOREIGN KEY (`ActorId`) REFERENCES `Actor`(`Id`) 
);


-- Insertions
INSERT INTO Director (Id, Name) VALUES 
('4921920c-ee00-40af-837e-d2c9953c4271', 'Frank Darabont'), 
('f4161f91-df7a-4214-a17f-0c06c935d4fe', 'Francis Ford Coppola'),
('6d90a28a-cd82-4ca0-b786-0f0cc0f2be34', 'Christopher Nolan'),
('e2cfe6ad-56bc-480e-b37f-1cd4f71a411d', 'Sidney Lumet'),
('c1c91217-ef09-4243-8eaa-35848688745d', 'Steven Spielberg'),
('01059ade-b206-488a-9130-8400b56a625f', 'Peter Jackson'),
('cd2f9c00-24b8-4f2d-b74f-f2b8e9fe790c', 'Quentin Tarantino'),
('7ab1129b-82ee-4cb5-a2a5-f918512aeb6c', 'Sergio Leone'),
('27fa9241-1552-475e-859c-1bc18d8bc644', 'David Fincher'),
('1fabddd1-d9ef-4d9c-ac8f-02971d57e516', 'Robert Zemeckis'),
('9e010218-0095-4342-baca-11d66cac06e4', 'Irvin Kershner'),
('14016566-5fc7-46c5-befa-23381e5b9210', 'Lana Wachowski'),
('da324e45-f860-4a63-914f-4ebda5f67297', 'Lilly Wachowski'),
('7464f359-52b7-46c5-ab88-590d1850a0f9', 'Martin Scorsese'),
('fa68d82b-88b3-4d44-9cd8-3b85725c2bda', 'Milos Forman'),
('fbbe7a9d-b34e-4cb5-b04f-5cb97bbc55de', 'Akira Kurosawa'),
('b9e4b026-b44a-4da5-84c7-f34d70917f56', 'Fernando Meirelles'),
('c7358394-01f5-437c-a3fd-c27801ebf8c5', 'Kátia Lund'),
('9f186b46-653d-4980-a06b-79561e6f2bb3', 'Jonathan Demme');

INSERT INTO Actor (Id, Name) VALUES 
('7a867803-4c25-4cd0-817b-644ea076b675', 'Tim Robbins'),
('434d2a71-417c-4300-9710-5e9862f63d38', 'Morgan Freeman'),
('419ef005-65d6-40d3-ad6b-2aeb90f37a75', 'William Sadler'),
('1ced31b6-48ce-4c00-8809-6f4c030cca0c', 'Clancy Brown'),
('86f81df0-2d97-45b9-b864-886b46bd75c7', 'Gil Bellows'),
('0691ad2a-bb01-4bbf-812d-6620e8a469db', 'Marlon Brando'),
('a2c84e75-5bc4-4a0f-a6aa-454a3ee9e5c3', 'Al Pacino'),
('30f3c0e8-069b-4333-94bd-4632b1a1cef0', 'James Caan'),
('245282f9-a06e-4af7-b2a6-4ff34a2ad932', 'Richard S. Castellano'),
('4286e8de-ba13-4701-b837-a9280d435c92', 'Robert Duvall'),
('ed6e80b1-09ba-4005-8cc1-019d0fb1a2ba', 'Christian Bale'),
('e5d95ed4-ff7b-4c70-ad74-8bc3e09719ec', 'Heath Ledger'),
('72792742-82c8-41c9-b28a-253c87d56328', 'Aaron Eckhart'),
('27fba656-2606-4453-8e42-cd6e77c002c9', 'Michael Caine'),
('e4c71700-a82e-4392-82ab-db0276f0114d', 'Gary Oldman'),
('450a2020-08e8-49d9-9521-aa315827223c', 'Tom Hanks'),
('34394ea9-e131-48e2-896f-5c156bb9952b', 'Robin Wright'),
('40b62f91-5cb5-471e-a62f-7e91ed5652bf', 'Gary Sinise'),
('9d705f5d-1a98-450d-b196-ad6da174ead4', 'Mykelti Williamson'),
('703706ad-16b6-4f11-b1b7-7b9e5541f16b', 'Sally Field'),
('68d82d09-7553-409b-9365-4322a1f96fca', 'John Travolta'),
('53ffced1-02ac-437a-9cd2-89b4969329a9', 'Uma Thurman'),
('7dfbb27b-9d49-44c7-8c8e-352253e82b35', 'Samuel L. Jackson'),
('db3b2fbf-561c-4937-a018-71175b7aae78', 'Bruce Willis'),
('c39e40f6-a96a-4401-a81d-c352cb06503a', 'Ving Rhames'),
('793de1e2-c5aa-4751-ae70-19c6502b7cc6', 'Liam Neeson'),
('a1647f70-17a7-4ca9-a565-2e6bae00cbfe', 'Ben Kingsley'),
('3ded7fea-dc6e-4122-b47c-e34d2bd86ffb', 'Ralph Fiennes'),
('d5a8a465-dc55-4607-95e0-0979855554fd', 'Caroline Goodall'),
('62b0628f-b93a-4be4-afc9-7ab354b075f9', 'Jonathan Sagall'),
('9e0de893-6874-4256-83c1-d9b0d9c07af2', 'Elijah Wood'),
('7f67ee22-e3f3-4e19-8c53-6907a315606f', 'Viggo Mortensen'),
('cc4fdceb-2d64-4661-91c8-86841e7b5971', 'Ian McKellen'),
('40213662-6cc8-494c-9807-c10e5eb78d16', 'Sean Astin'),
('b7142219-e02d-4071-91cc-b2dd3635a2c7', 'Andy Serkis'),
('961a0706-95cf-4d38-8fed-aa9595e07716', 'Edward Norton'),
('2f45377c-5c94-436f-92f3-e202909560d0', 'Brad Pitt'),
('9296cc01-eb31-43dd-95ec-ceb1f428bef9', 'Helena Bonham Carter'),
('93da658e-9cc0-41b6-81a4-070ead8676ca', 'Meat Loaf'),
('dfe92975-0641-4af6-a163-59a95ad8e12f', 'Jared Leto'),
('0ed57f6f-1d44-40c7-8a60-fb565d6da1fc', 'Leonardo DiCaprio'),
('4fbcd031-706c-4157-8e7f-67df825215a2', 'Joseph Gordon-Levitt'),
('b8dfc646-0877-42ce-a7e6-c36f07d95a36', 'Ellen Page'),
('6d3be7f8-90f4-418f-bcda-d1179561bedb', 'Tom Hardy'),
('17ef2804-a64c-4763-9cce-a360868d3c41', 'Ken Watanabe'),
('258b0c09-2d04-444a-b3c1-efcf5e9a7c97', 'Keanu Reeves'),
('b40f0205-7c46-400b-a454-488dd0eeb900', 'Laurence Fishburne'),
('b08f19b1-af97-4479-813f-b83c4e774852', 'Carrie-Anne Moss'),
('768dd15c-d318-4353-8401-ac4976589694', 'Hugo Weaving'),
('67b317b4-3a65-4e72-886a-8c0e1b2e9e17', 'Joe Pantoliano'),
('d9869d5a-afdf-40cf-8d19-a39f907b9422', 'Robert De Niro'),
('3cda1d31-c3b6-492a-8c8a-d797c29a477b', 'Ray Liotta'),
('a56d0140-82ed-46c6-b041-5fc37589af5e', 'Joe Pesci'),
('319cb5f2-442d-4135-a04b-123a97991164', 'Lorraine Bracco'),
('3b582c3e-e2ee-44c8-8968-3c5f9895c240', 'Paul Sorvino'),
('753a3140-28df-4d82-aa2e-8172d1cc5c1b', 'Jack Nicholson'),
('f1ba62e6-423f-4343-b88b-2094bf62874c', 'Louise Fletcher'),
('986738fd-1ac6-416c-a590-af1c92cf3126', 'Will Sampson'),
('181bd3c3-d8b3-484a-b0e5-b3cb310d5ddc', 'William Redfield'),
('184d123c-2f53-4862-8ed8-8bad31f49477', 'Brad Dourif'),
('e8e7a4b2-a1ec-4111-a83e-fd341acba97d', 'Jodie Foster'),
('70c0448a-413a-46df-bded-e4a3f827b67f', 'Anthony Hopkins'),
('c3513ccb-33d6-47a2-9431-71741c41ec4c', 'Scott Glenn'),
('a080e8b9-fcbd-4e43-83c1-e88823defa93', 'Ted Levine'),
('a31ce595-5826-4ef8-b12d-e229e29b2b88', 'Anthony Heald'),
('c8666683-80c8-4806-93b0-2d041f0b3829', 'Diane Keaton'),
('ddf59329-6b38-47e1-b297-41635bd01bfe', 'John Cazale'),
('09b5185e-cbc5-4577-a5b4-d2ffcd296e2a', 'Mark Hamill'),
('29befea4-2f99-46f1-a6e8-2b4037819d5e', 'Harrison Ford'),
('767c4a20-2bf6-4e50-8f2c-ae9ccd6ce2a9', 'Carrie Fisher'),
('3c704ecb-8d1d-4129-a419-508728e3e997', 'Billy Dee Williams'),
('ad9a5406-f9c3-449a-a57a-3eb93a2d6416', 'Anthony Daniels'),
('18d8170f-5bbd-41e2-a74f-1ee3e2e4862f', 'Clint Eastwood'),
('9098b6de-0248-4aa5-b182-9d0e456e93b6', 'Eli Wallach'),
('caac2058-d3f2-4a2c-be03-e2a595c52dd2', 'Lee Van Cleef'),
('fdb4ff6b-eb9d-40c5-90e4-c88b2eee9ff5', 'Aldo Giuffrè'),
('28f1b2ac-c3f1-4625-aec3-aef716fa65ed', 'Luigi Pistilli'),
('8298f510-b8c4-431d-ad88-1c8af3e7d4b6', 'Frank Capra');

INSERT INTO `Movie` (`Id`, `Title`, `Description`, `DirectorId`) VALUES
('e7b28741-3d15-4946-83a5-7f6e6dc188c5', 'The Shawshank Redemption', 'Two imprisoned men bond over a number of years, finding solace and eventual redemption through acts of common decency.', '4921920c-ee00-40af-837e-d2c9953c4271'),
('3871972a-c718-40de-a7a7-d0e5f91178a0', 'The Godfather', 'The aging patriarch of an organized crime dynasty transfers control of his clandestine empire to his reluctant son.', 'f4161f91-df7a-4214-a17f-0c06c935d4fe'),
('3ed7e706-4dcb-465b-af83-f7f4a49509da', 'The Dark Knight', 'When the menace known as the Joker emerges from his mysterious past, he wreaks havoc and chaos on the people of Gotham.', '6d90a28a-cd82-4ca0-b786-0f0cc0f2be34'),
('b3bf0b7f-e84a-4427-b981-efaf7ccef846', '12 Angry Men', 'A jury holdout attempts to prevent a miscarriage of justice by forcing his colleagues to reconsider the evidence.', 'e2cfe6ad-56bc-480e-b37f-1cd4f71a411d'),
('197dfffe-ea12-4025-b3f6-013dbf7dfac4', 'Schindler\'s List', 'In German-occupied Poland during World War II, industrialist Oskar Schindler gradually becomes concerned for his Jewish workforce after witnessing their persecution by the Nazis.', 'c1c91217-ef09-4243-8eaa-35848688745d'),
('2425fdfb-d4d4-4f66-8fc7-6245d929741f', 'The Lord of the Rings: The Return of the King', 'Gandalf and Aragorn lead the World of Men against Sauron\'s army to draw his gaze from Frodo and Sam as they approach Mount Doom with the One Ring.', '01059ade-b206-488a-9130-8400b56a625f'),
('da4d86c8-a020-41dc-9e3e-7999d947bf23', 'Pulp Fiction', 'The lives of two mob hitmen, a boxer, a gangster\'s wife, and a pair of diner bandits intertwine in four tales of violence and redemption.', 'cd2f9c00-24b8-4f2d-b74f-f2b8e9fe790c'),
('ae5434e4-0b08-47c7-91af-cc41c5adbecf', 'The Good, the Bad and the Ugly', 'A bounty hunting scam joins two men in an uneasy alliance against a third in a race to find a fortune in gold buried in a remote cemetery.', '7ab1129b-82ee-4cb5-a2a5-f918512aeb6c'),
('7d928955-92f3-4219-bcc8-71e5d493b09a', 'Fight Club', 'An insomniac office worker and a devil-may-care soapmaker form an underground fight club that evolves into something much, much more.', '27fa9241-1552-475e-859c-1bc18d8bc644'),
('ee719807-e9e5-4436-bead-bfdffa1ab478', 'Forrest Gump', 'The presidencies of Kennedy and Johnson, the Vietnam War, the Watergate scandal and other historical events unfold from the perspective of an Alabama man with an IQ of 75.', '1fabddd1-d9ef-4d9c-ac8f-02971d57e516'),
('c1cefbf5-3883-4d5c-b2ef-1e7a1a4200c6', 'The Empire Strikes Back', 'After the rebels are brutally overpowered by the Empire on the ice planet Hoth, Luke Skywalker begins Jedi training with Yoda.', '9e010218-0095-4342-baca-11d66cac06e4'),
('189636a0-a25f-4067-872d-3474e223e634', 'The Matrix', 'A computer hacker learns from mysterious rebels about the true nature of his reality and his role in the war against its controllers.', '14016566-5fc7-46c5-befa-23381e5b9210'),
('a3295e72-6e85-473f-874b-33f811500120', 'Goodfellas', 'The story of Henry Hill and his life in the mob, covering his relationship with his wife Karen Hill and his mob partners.', 'da324e45-f860-4a63-914f-4ebda5f67297'),
('594b55a9-9f9a-41f9-b2fe-f80a7133036b', 'One Flew Over the Cuckoo\'s Nest', 'A criminal pleads insanity and is admitted to a mental institution, where he rebels against the oppressive nurse and rallies up the scared patients.', '7464f359-52b7-46c5-ab88-590d1850a0f9'),
('d9a24412-984e-4479-a4dc-14caa6ae9974', 'Seven Samurai', 'A poor village under attack by bandits recruits seven unemployed samurai to help them defend themselves.', 'fa68d82b-88b3-4d44-9cd8-3b85725c2bda'),
('0c352816-482a-4aef-b8f1-7eb4ff049c56', 'City of God', 'In the slums of Rio, two kids\' paths diverge as one struggles to become a photographer and the other a kingpin.', 'fbbe7a9d-b34e-4cb5-b04f-5cb97bbc55de'),
('109dadf7-faf6-48a0-92c4-2a92b17ae02b', 'The Silence of the Lambs', 'A young F.B.I. cadet must receive the help of an incarcerated and manipulative cannibal killer to help catch another serial killer.', 'b9e4b026-b44a-4da5-84c7-f34d70917f56'),
('644b436e-4b8f-4c53-bb74-3b1366595c27', 'Inception', 'A thief who steals corporate secrets through the use of dream-sharing technology is given the inverse task of planting an idea into the mind of a C.E.O.', '6d90a28a-cd82-4ca0-b786-0f0cc0f2be34'),
('62a60973-6bef-4fb9-99a6-6c7bd26c44b3', 'The Godfather: Part II', 'The early life and career of Vito Corleone in 1920s New York City is portrayed, while his son, Michael, expands and tightens his grip on the family crime syndicate.', 'f4161f91-df7a-4214-a17f-0c06c935d4fe');

INSERT INTO MovieActor (MovieId, ActorId) VALUES 
('e7b28741-3d15-4946-83a5-7f6e6dc188c5', '7a867803-4c25-4cd0-817b-644ea076b675'),
('e7b28741-3d15-4946-83a5-7f6e6dc188c5', '434d2a71-417c-4300-9710-5e9862f63d38'),
('e7b28741-3d15-4946-83a5-7f6e6dc188c5', '419ef005-65d6-40d3-ad6b-2aeb90f37a75'),
('e7b28741-3d15-4946-83a5-7f6e6dc188c5', '1ced31b6-48ce-4c00-8809-6f4c030cca0c'),
('e7b28741-3d15-4946-83a5-7f6e6dc188c5', '86f81df0-2d97-45b9-b864-886b46bd75c7'),
('3871972a-c718-40de-a7a7-d0e5f91178a0', '0691ad2a-bb01-4bbf-812d-6620e8a469db'),
('3871972a-c718-40de-a7a7-d0e5f91178a0', 'a2c84e75-5bc4-4a0f-a6aa-454a3ee9e5c3'),
('3871972a-c718-40de-a7a7-d0e5f91178a0', '30f3c0e8-069b-4333-94bd-4632b1a1cef0'),
('3871972a-c718-40de-a7a7-d0e5f91178a0', '245282f9-a06e-4af7-b2a6-4ff34a2ad932'),
('3871972a-c718-40de-a7a7-d0e5f91178a0', '4286e8de-ba13-4701-b837-a9280d435c92'),
('3ed7e706-4dcb-465b-af83-f7f4a49509da', 'ed6e80b1-09ba-4005-8cc1-019d0fb1a2ba'),
('3ed7e706-4dcb-465b-af83-f7f4a49509da', 'e5d95ed4-ff7b-4c70-ad74-8bc3e09719ec'),
('3ed7e706-4dcb-465b-af83-f7f4a49509da', '72792742-82c8-41c9-b28a-253c87d56328'),
('3ed7e706-4dcb-465b-af83-f7f4a49509da', '27fba656-2606-4453-8e42-cd6e77c002c9'),
('3ed7e706-4dcb-465b-af83-f7f4a49509da', 'e4c71700-a82e-4392-82ab-db0276f0114d'),
('b3bf0b7f-e84a-4427-b981-efaf7ccef846', '450a2020-08e8-49d9-9521-aa315827223c'),
('b3bf0b7f-e84a-4427-b981-efaf7ccef846', '34394ea9-e131-48e2-896f-5c156bb9952b'),
('b3bf0b7f-e84a-4427-b981-efaf7ccef846', '40b62f91-5cb5-471e-a62f-7e91ed5652bf'),
('b3bf0b7f-e84a-4427-b981-efaf7ccef846', '9d705f5d-1a98-450d-b196-ad6da174ead4'),
('b3bf0b7f-e84a-4427-b981-efaf7ccef846', '703706ad-16b6-4f11-b1b7-7b9e5541f16b'),
('197dfffe-ea12-4025-b3f6-013dbf7dfac4', '53ffced1-02ac-437a-9cd2-89b4969329a9'),
('197dfffe-ea12-4025-b3f6-013dbf7dfac4', '7dfbb27b-9d49-44c7-8c8e-352253e82b35'),
('197dfffe-ea12-4025-b3f6-013dbf7dfac4', 'db3b2fbf-561c-4937-a018-71175b7aae78'),
('197dfffe-ea12-4025-b3f6-013dbf7dfac4', 'c39e40f6-a96a-4401-a81d-c352cb06503a'),
('2425fdfb-d4d4-4f66-8fc7-6245d929741f', '793de1e2-c5aa-4751-ae70-19c6502b7cc6'),
('2425fdfb-d4d4-4f66-8fc7-6245d929741f', 'a1647f70-17a7-4ca9-a565-2e6bae00cbfe'),
('2425fdfb-d4d4-4f66-8fc7-6245d929741f', '3ded7fea-dc6e-4122-b47c-e34d2bd86ffb'),
('2425fdfb-d4d4-4f66-8fc7-6245d929741f', 'd5a8a465-dc55-4607-95e0-0979855554fd'),
('2425fdfb-d4d4-4f66-8fc7-6245d929741f', '62b0628f-b93a-4be4-afc9-7ab354b075f9'),
('da4d86c8-a020-41dc-9e3e-7999d947bf23', '9e0de893-6874-4256-83c1-d9b0d9c07af2'),
('da4d86c8-a020-41dc-9e3e-7999d947bf23', '7f67ee22-e3f3-4e19-8c53-6907a315606f'),
('da4d86c8-a020-41dc-9e3e-7999d947bf23', 'cc4fdceb-2d64-4661-91c8-86841e7b5971'),
('da4d86c8-a020-41dc-9e3e-7999d947bf23', '40213662-6cc8-494c-9807-c10e5eb78d16'),
('da4d86c8-a020-41dc-9e3e-7999d947bf23', 'b7142219-e02d-4071-91cc-b2dd3635a2c7'),
('ae5434e4-0b08-47c7-91af-cc41c5adbecf', '961a0706-95cf-4d38-8fed-aa9595e07716'),
('ae5434e4-0b08-47c7-91af-cc41c5adbecf', '2f45377c-5c94-436f-92f3-e202909560d0'),
('ae5434e4-0b08-47c7-91af-cc41c5adbecf', '9296cc01-eb31-43dd-95ec-ceb1f428bef9'),
('ae5434e4-0b08-47c7-91af-cc41c5adbecf', '93da658e-9cc0-41b6-81a4-070ead8676ca'),
('ae5434e4-0b08-47c7-91af-cc41c5adbecf', 'dfe92975-0641-4af6-a163-59a95ad8e12f'),
('7d928955-92f3-4219-bcc8-71e5d493b09a', '0ed57f6f-1d44-40c7-8a60-fb565d6da1fc'),
('7d928955-92f3-4219-bcc8-71e5d493b09a', '4fbcd031-706c-4157-8e7f-67df825215a2'),
('7d928955-92f3-4219-bcc8-71e5d493b09a', 'b8dfc646-0877-42ce-a7e6-c36f07d95a36'),
('7d928955-92f3-4219-bcc8-71e5d493b09a', '6d3be7f8-90f4-418f-bcda-d1179561bedb'),
('7d928955-92f3-4219-bcc8-71e5d493b09a', '17ef2804-a64c-4763-9cce-a360868d3c41'),
('ee719807-e9e5-4436-bead-bfdffa1ab478', '258b0c09-2d04-444a-b3c1-efcf5e9a7c97'),
('ee719807-e9e5-4436-bead-bfdffa1ab478', 'b40f0205-7c46-400b-a454-488dd0eeb900'),
('ee719807-e9e5-4436-bead-bfdffa1ab478', 'b08f19b1-af97-4479-813f-b83c4e774852'),
('ee719807-e9e5-4436-bead-bfdffa1ab478', '768dd15c-d318-4353-8401-ac4976589694'),
('ee719807-e9e5-4436-bead-bfdffa1ab478', '67b317b4-3a65-4e72-886a-8c0e1b2e9e17'),
('c1cefbf5-3883-4d5c-b2ef-1e7a1a4200c6', 'd9869d5a-afdf-40cf-8d19-a39f907b9422'),
('c1cefbf5-3883-4d5c-b2ef-1e7a1a4200c6', '3cda1d31-c3b6-492a-8c8a-d797c29a477b'),
('c1cefbf5-3883-4d5c-b2ef-1e7a1a4200c6', 'a56d0140-82ed-46c6-b041-5fc37589af5e'),
('c1cefbf5-3883-4d5c-b2ef-1e7a1a4200c6', '319cb5f2-442d-4135-a04b-123a97991164'),
('c1cefbf5-3883-4d5c-b2ef-1e7a1a4200c6', '3b582c3e-e2ee-44c8-8968-3c5f9895c240'),
('189636a0-a25f-4067-872d-3474e223e634', '753a3140-28df-4d82-aa2e-8172d1cc5c1b'),
('189636a0-a25f-4067-872d-3474e223e634', 'f1ba62e6-423f-4343-b88b-2094bf62874c'),
('189636a0-a25f-4067-872d-3474e223e634', '986738fd-1ac6-416c-a590-af1c92cf3126'),
('189636a0-a25f-4067-872d-3474e223e634', '181bd3c3-d8b3-484a-b0e5-b3cb310d5ddc'),
('189636a0-a25f-4067-872d-3474e223e634', '184d123c-2f53-4862-8ed8-8bad31f49477'),
('a3295e72-6e85-473f-874b-33f811500120', 'e8e7a4b2-a1ec-4111-a83e-fd341acba97d'),
('a3295e72-6e85-473f-874b-33f811500120', '70c0448a-413a-46df-bded-e4a3f827b67f'),
('a3295e72-6e85-473f-874b-33f811500120', 'c3513ccb-33d6-47a2-9431-71741c41ec4c'),
('a3295e72-6e85-473f-874b-33f811500120', 'a080e8b9-fcbd-4e43-83c1-e88823defa93'),
('a3295e72-6e85-473f-874b-33f811500120', 'a31ce595-5826-4ef8-b12d-e229e29b2b88'),
('594b55a9-9f9a-41f9-b2fe-f80a7133036b', 'c8666683-80c8-4806-93b0-2d041f0b3829'),
('594b55a9-9f9a-41f9-b2fe-f80a7133036b', 'ddf59329-6b38-47e1-b297-41635bd01bfe'),
('594b55a9-9f9a-41f9-b2fe-f80a7133036b', '09b5185e-cbc5-4577-a5b4-d2ffcd296e2a'),
('594b55a9-9f9a-41f9-b2fe-f80a7133036b', '29befea4-2f99-46f1-a6e8-2b4037819d5e'),
('594b55a9-9f9a-41f9-b2fe-f80a7133036b', '767c4a20-2bf6-4e50-8f2c-ae9ccd6ce2a9'),
('d9a24412-984e-4479-a4dc-14caa6ae9974', '3c704ecb-8d1d-4129-a419-508728e3e997'),
('d9a24412-984e-4479-a4dc-14caa6ae9974', 'ad9a5406-f9c3-449a-a57a-3eb93a2d6416'),
('d9a24412-984e-4479-a4dc-14caa6ae9974', '18d8170f-5bbd-41e2-a74f-1ee3e2e4862f'),
('d9a24412-984e-4479-a4dc-14caa6ae9974', '9098b6de-0248-4aa5-b182-9d0e456e93b6'),
('d9a24412-984e-4479-a4dc-14caa6ae9974', 'caac2058-d3f2-4a2c-be03-e2a595c52dd2'),
('0c352816-482a-4aef-b8f1-7eb4ff049c56', 'fdb4ff6b-eb9d-40c5-90e4-c88b2eee9ff5'),
('0c352816-482a-4aef-b8f1-7eb4ff049c56', '28f1b2ac-c3f1-4625-aec3-aef716fa65ed'),
('0c352816-482a-4aef-b8f1-7eb4ff049c56', '8298f510-b8c4-431d-ad88-1c8af3e7d4b6'),
('109dadf7-faf6-48a0-92c4-2a92b17ae02b', 'e8e7a4b2-a1ec-4111-a83e-fd341acba97d'),
('109dadf7-faf6-48a0-92c4-2a92b17ae02b', '70c0448a-413a-46df-bded-e4a3f827b67f'),
('109dadf7-faf6-48a0-92c4-2a92b17ae02b', 'c3513ccb-33d6-47a2-9431-71741c41ec4c'),
('109dadf7-faf6-48a0-92c4-2a92b17ae02b', 'a080e8b9-fcbd-4e43-83c1-e88823defa93'),
('109dadf7-faf6-48a0-92c4-2a92b17ae02b', 'a31ce595-5826-4ef8-b12d-e229e29b2b88'),
('644b436e-4b8f-4c53-bb74-3b1366595c27', '0ed57f6f-1d44-40c7-8a60-fb565d6da1fc'),
('644b436e-4b8f-4c53-bb74-3b1366595c27', '4fbcd031-706c-4157-8e7f-67df825215a2'),
('644b436e-4b8f-4c53-bb74-3b1366595c27', 'b8dfc646-0877-42ce-a7e6-c36f07d95a36'),
('644b436e-4b8f-4c53-bb74-3b1366595c27', '6d3be7f8-90f4-418f-bcda-d1179561bedb'),
('644b436e-4b8f-4c53-bb74-3b1366595c27', '17ef2804-a64c-4763-9cce-a360868d3c41'),
('62a60973-6bef-4fb9-99a6-6c7bd26c44b3', '18d8170f-5bbd-41e2-a74f-1ee3e2e4862f'),
('62a60973-6bef-4fb9-99a6-6c7bd26c44b3', '9098b6de-0248-4aa5-b182-9d0e456e93b6'),
('62a60973-6bef-4fb9-99a6-6c7bd26c44b3', 'caac2058-d3f2-4a2c-be03-e2a595c52dd2'),
('62a60973-6bef-4fb9-99a6-6c7bd26c44b3', 'fdb4ff6b-eb9d-40c5-90e4-c88b2eee9ff5'),
('62a60973-6bef-4fb9-99a6-6c7bd26c44b3', '28f1b2ac-c3f1-4625-aec3-aef716fa65ed');